,Rnd,Player,Age,Rookie Year,avg_depth_of_target,avoided_tackles,caught_percent,grades_offense,longest,receptions,routes,targeted_qb_rating,targets,yards,yards_after_catch,yards_after_catch_per_reception,yards_per_reception,yprr,ypt,Rookie year,"1,000 Yard Seasons"
0,1.0,Drake London,21.0,2022,11.2,8.0,63.2,83.2,40.0,72.0,419.0,87.1,114.0,866.0,231.0,3.2,12.0,2.07,7.5964912280701755,2022,0
1,1.0,Garrett Wilson,22.0,2022,11.0,22.0,59.7,82.7,60.0,83.0,595.0,91.5,139.0,1103.0,389.0,4.7,13.3,1.85,7.9352517985611515,2022,2
2,1.0,Chris Olave,22.0,2022,14.9,2.0,63.2,82.5,53.0,72.0,431.0,86.3,114.0,1044.0,219.0,3.0,14.5,2.42,9.157894736842104,2022,2
3,1.0,Jameson Williams,21.0,2022,19.3,0.0,12.5,63.4,41.0,1.0,37.0,88.0,8.0,41.0,5.0,5.0,41.0,1.11,5.125,2022,0
4,1.0,Jahan Dotson,22.0,2022,15.4,2.0,62.5,70.5,61.0,35.0,376.0,102.9,56.0,523.0,144.0,4.1,14.9,1.39,9.339285714285714,2022,0
5,1.0,Treylon Burks,22.0,2022,12.4,4.0,62.3,74.1,51.0,33.0,254.0,70.0,53.0,444.0,177.0,5.4,13.5,1.75,8.377358490566039,2022,0
6,2.0,Christian Watson,23.0,2022,14.3,4.0,63.1,77.1,63.0,41.0,270.0,123.3,65.0,611.0,264.0,6.4,14.9,2.26,9.4,2022,0
7,2.0,Wan'Dale Robinson,21.0,2022,6.1,3.0,76.7,72.0,19.0,23.0,129.0,108.6,30.0,227.0,127.0,5.5,9.9,1.76,7.566666666666666,2022,0
8,2.0,Tyquan Thornton,22.0,2022,14.9,1.0,51.2,55.2,29.0,22.0,326.0,64.8,43.0,247.0,66.0,3.0,11.2,0.76,5.744186046511628,2022,0
9,2.0,George Pickens,21.0,2022,15.6,7.0,61.9,68.8,42.0,52.0,580.0,109.3,84.0,801.0,110.0,2.1,15.4,1.38,9.535714285714286,2022,1
10,2.0,Alec Pierce,22.0,2022,12.2,3.0,53.9,61.3,47.0,41.0,478.0,77.4,76.0,593.0,111.0,2.7,14.5,1.24,7.802631578947368,2022,0
11,2.0,Skyy Moore,21.0,2022,8.8,7.0,68.8,70.9,30.0,22.0,167.0,52.9,32.0,250.0,146.0,6.6,11.4,1.5,7.8125,2022,0
12,3.0,Velus Jones Jr.,25.0,2022,19.2,0.0,58.3,64.9,44.0,7.0,71.0,115.6,12.0,107.0,42.0,6.0,15.3,1.51,8.916666666666666,2022,0
13,3.0,Jalen Tolbert,23.0,2022,15.7,0.0,66.7,48.7,8.0,2.0,40.0,74.3,3.0,12.0,0.0,0.0,6.0,0.3,4.0,2022,0
14,3.0,David Bell,21.0,2022,6.6,2.0,75.0,52.5,20.0,24.0,305.0,53.4,32.0,214.0,74.0,3.1,8.9,0.7,6.6875,2022,0
15,3.0,Danny Gray,23.0,2022,24.5,0.0,16.7,53.8,10.0,1.0,29.0,39.6,6.0,10.0,4.0,4.0,10.0,0.34,1.6666666666666667,2022,0
16,4.0,Erik Ezukanma,22.0,2022,-4.0,0.0,100.0,59.7,3.0,1.0,3.0,79.2,1.0,3.0,7.0,7.0,3.0,1.0,3.0,2022,0
17,4.0,Romeo Doubs,22.0,2022,9.8,1.0,65.6,62.6,26.0,42.0,312.0,100.1,64.0,425.0,194.0,4.6,10.1,1.36,6.640625,2022,0
18,5.0,Khalil Shakir,22.0,2022,12.0,0.0,58.8,62.4,31.0,10.0,141.0,110.2,17.0,161.0,75.0,7.5,16.1,1.14,9.470588235294118,2022,0
19,5.0,Montrell Washington,23.0,2022,18.6,1.0,40.0,56.6,4.0,4.0,52.0,47.9,10.0,2.0,14.0,3.5,0.5,0.04,0.2,2022,0
20,5.0,Kyle Philips,23.0,2022,7.8,0.0,61.5,63.7,21.0,8.0,48.0,78.4,13.0,78.0,19.0,2.4,9.8,1.63,6.0,2022,0
21,6.0,Jalen Nailor,23.0,2022,12.4,1.0,75.0,91.6,47.0,9.0,31.0,109.7,12.0,179.0,68.0,7.6,19.9,5.77,14.916666666666666,2022,0
22,6.0,Michael Woods II,22.0,2022,17.7,0.0,50.0,53.5,15.0,5.0,93.0,22.9,10.0,45.0,16.0,3.2,9.0,0.48,4.5,2022,0
23,7.0,Dareke Young,23.0,2022,0.0,1.0,100.0,58.9,12.0,2.0,31.0,116.7,2.0,24.0,24.0,12.0,12.0,0.77,12.0,2022,0
24,7.0,Samori Toure,24.0,2022,19.8,1.0,55.6,49.3,37.0,5.0,80.0,123.4,9.0,82.0,10.0,2.0,16.4,1.03,9.11111111111111,2022,0
25,1.0,Ja'Marr Chase,21.0,2021,13.6,19.0,65.9,83.1,82.0,81.0,579.0,121.2,123.0,1455.0,657.0,8.1,18.0,2.51,11.829268292682928,2021,3
26,1.0,Jaylen Waddle,22.0,2021,7.0,11.0,75.4,78.3,57.0,104.0,579.0,91.9,138.0,1015.0,455.0,4.4,9.8,1.75,7.355072463768116,2021,3
27,1.0,DeVonta Smith,22.0,2021,15.2,6.0,63.4,77.2,46.0,64.0,517.0,105.1,101.0,916.0,208.0,3.3,14.3,1.77,9.069306930693068,2021,2
28,1.0,Kadarius Toney,22.0,2021,6.5,12.0,73.6,72.8,38.0,39.0,196.0,88.6,53.0,420.0,234.0,6.0,10.8,2.14,7.9245283018867925,2021,0
29,1.0,Rashod Bateman,21.0,2021,9.6,2.0,70.8,64.9,36.0,46.0,409.0,80.0,65.0,515.0,168.0,3.7,11.2,1.26,7.923076923076923,2021,0
30,2.0,Elijah Moore,21.0,2021,12.4,5.0,58.1,71.2,62.0,43.0,308.0,80.8,74.0,538.0,204.0,4.7,12.5,1.75,7.27027027027027,2021,0
31,2.0,Rondale Moore,21.0,2021,1.2,13.0,84.4,71.2,77.0,54.0,265.0,87.2,64.0,435.0,446.0,8.3,8.1,1.64,6.796875,2021,0
32,2.0,D'Wayne Eskridge,24.0,2021,14.0,1.0,52.6,58.3,17.0,10.0,108.0,77.5,19.0,64.0,32.0,3.2,6.4,0.59,3.3684210526315788,2021,0
33,2.0,Terrace Marshall Jr.,21.0,2021,6.7,1.0,58.6,53.3,23.0,17.0,277.0,42.0,29.0,138.0,65.0,3.8,8.1,0.5,4.758620689655173,2021,0
34,3.0,Dyami Brown,21.0,2021,15.5,1.0,50.0,55.5,48.0,12.0,201.0,72.4,24.0,165.0,37.0,3.1,13.8,0.82,6.875,2021,0
35,3.0,Amari Rodgers,21.0,2021,4.4,1.0,50.0,60.6,19.0,4.0,41.0,27.6,8.0,45.0,25.0,6.3,11.3,1.1,5.625,2021,0
36,3.0,Nico Collins,22.0,2021,11.6,1.0,55.9,65.6,32.0,33.0,361.0,78.8,59.0,446.0,123.0,3.7,13.5,1.24,7.559322033898305,2021,1
37,3.0,Anthony Schwartz,21.0,2021,17.8,0.0,45.5,57.4,44.0,10.0,164.0,61.7,22.0,135.0,12.0,1.2,13.5,0.82,6.136363636363637,2021,0
38,4.0,Dez Fitzpatrick,23.0,2021,14.9,0.0,62.5,64.7,18.0,5.0,59.0,79.7,8.0,49.0,5.0,1.0,9.8,0.83,6.125,2021,0
39,4.0,Amon-Ra St. Brown,21.0,2021,7.0,8.0,78.3,79.4,37.0,90.0,523.0,107.0,115.0,912.0,430.0,4.8,10.1,1.74,7.930434782608696,2021,2
40,4.0,Jaelon Darden,22.0,2021,12.5,0.0,50.0,52.1,29.0,6.0,59.0,24.0,12.0,43.0,24.0,4.0,7.2,0.73,3.5833333333333335,2021,0
41,4.0,Tylan Wallace,22.0,2021,8.4,2.0,40.0,55.5,18.0,2.0,55.0,54.6,5.0,23.0,13.0,6.5,11.5,0.42,4.6,2021,0
42,5.0,Ihmir Smith-Marsette,22.0,2021,21.7,0.0,83.3,64.3,44.0,5.0,67.0,158.3,6.0,116.0,17.0,3.4,23.2,1.73,19.333333333333332,2021,0
43,6.0,Frank Darby,23.0,2021,22.8,2.0,25.0,74.0,14.0,1.0,12.0,41.7,4.0,14.0,12.0,12.0,14.0,1.17,3.5,2021,0
44,6.0,Shi Smith,22.0,2021,8.1,1.0,66.7,61.4,63.0,6.0,64.0,105.8,9.0,104.0,69.0,11.5,17.3,1.63,11.555555555555555,2021,0
45,6.0,Racey McMath,22.0,2021,11.0,0.0,40.0,48.8,9.0,2.0,46.0,47.9,5.0,8.0,9.0,4.5,4.0,0.17,1.6,2021,0
46,6.0,Seth Williams,21.0,2021,31.0,0.0,100.0,54.3,34.0,1.0,27.0,118.8,1.0,34.0,3.0,3.0,34.0,1.26,34.0,2021,0
47,6.0,Dazz Newsome,22.0,2021,8.8,1.0,50.0,48.1,13.0,2.0,63.0,28.1,4.0,23.0,16.0,8.0,11.5,0.37,5.75,2021,0
48,7.0,Mike Strachan,24.0,2021,18.7,0.0,66.7,61.7,16.0,2.0,38.0,93.8,3.0,26.0,0.0,0.0,13.0,0.68,8.666666666666666,2021,0
49,7.0,Ben Skowronek,24.0,2021,11.3,1.0,57.9,57.2,35.0,11.0,97.0,57.6,19.0,133.0,53.0,4.8,12.1,1.37,7.0,2021,0
50,7.0,Dax Milne,22.0,2021,7.8,0.0,69.2,57.8,22.0,9.0,89.0,86.4,13.0,83.0,39.0,4.3,9.2,0.93,6.384615384615385,2021,0
51,1.0,Henry Ruggs III,21.0,2020,17.3,2.0,60.5,54.0,72.0,26.0,343.0,102.1,43.0,452.0,148.0,5.7,17.4,1.32,10.511627906976743,2020,0
52,1.0,Jerry Jeudy,21.0,2020,14.6,9.0,47.3,65.2,92.0,52.0,515.0,60.3,110.0,856.0,260.0,5.0,16.5,1.66,7.781818181818182,2020,0
53,1.0,CeeDee Lamb,21.0,2020,10.3,6.0,67.9,71.6,52.0,74.0,516.0,102.0,109.0,935.0,312.0,4.2,12.6,1.81,8.577981651376147,2020,3
54,1.0,Jalen Reagor,21.0,2020,14.0,5.0,58.5,64.0,55.0,31.0,304.0,64.7,53.0,396.0,175.0,5.6,12.8,1.3,7.471698113207547,2020,0
55,1.0,Justin Jefferson,21.0,2020,12.0,13.0,72.7,90.4,71.0,88.0,526.0,116.4,121.0,1400.0,450.0,5.1,15.9,2.66,11.570247933884298,2020,4
56,1.0,Brandon Aiyuk,22.0,2020,9.9,9.0,64.5,80.1,49.0,60.0,432.0,89.4,93.0,748.0,286.0,4.8,12.5,1.73,8.043010752688172,2020,2
57,2.0,Tee Higgins,21.0,2020,12.9,6.0,63.8,75.9,67.0,67.0,496.0,106.4,105.0,908.0,304.0,4.5,13.6,1.83,8.647619047619047,2020,2
58,2.0,Michael Pittman Jr.,22.0,2020,8.7,4.0,70.2,62.6,45.0,40.0,367.0,95.9,57.0,503.0,279.0,7.0,12.6,1.37,8.824561403508772,2020,2
59,2.0,Laviska Shenault Jr.,21.0,2020,6.6,16.0,75.3,71.5,36.0,58.0,388.0,119.0,77.0,600.0,300.0,5.2,10.3,1.55,7.792207792207792,2020,0
60,2.0,KJ Hamler,21.0,2020,10.9,5.0,55.6,55.9,49.0,30.0,326.0,73.1,54.0,381.0,123.0,4.1,12.7,1.17,7.055555555555555,2020,0
61,2.0,Chase Claypool,22.0,2020,13.8,9.0,60.2,75.6,84.0,62.0,437.0,116.7,103.0,873.0,333.0,5.4,14.1,2.0,8.475728155339805,2020,0
62,2.0,Van Jefferson,24.0,2020,11.5,2.0,67.9,67.1,31.0,19.0,154.0,73.5,28.0,220.0,49.0,2.6,11.6,1.43,7.857142857142857,2020,0
63,2.0,Denzel Mims,22.0,2020,15.8,4.0,56.1,69.4,30.0,23.0,247.0,74.9,41.0,357.0,102.0,4.4,15.5,1.45,8.707317073170731,2020,0
64,3.0,Bryan Edwards,21.0,2020,9.9,4.0,78.6,69.5,34.0,11.0,137.0,142.6,14.0,193.0,77.0,7.0,17.5,1.41,13.785714285714286,2020,0
65,3.0,Devin Duvernay,22.0,2020,6.3,4.0,80.0,60.5,39.0,20.0,193.0,66.8,25.0,201.0,118.0,5.9,10.1,1.04,8.04,2020,0
66,4.0,Antonio Gandy-Golden,22.0,2020,13.3,0.0,14.3,44.6,3.0,1.0,83.0,39.6,7.0,3.0,1.0,1.0,3.0,0.04,0.42857142857142855,2020,0
67,5.0,Tyler Johnson,22.0,2020,11.8,3.0,75.0,58.9,35.0,12.0,162.0,148.2,16.0,169.0,73.0,6.1,14.1,1.04,10.5625,2020,0
68,5.0,Collin Johnson,22.0,2020,13.3,2.0,60.0,73.4,46.0,18.0,170.0,98.2,30.0,272.0,64.0,3.6,15.1,1.6,9.066666666666666,2020,0
69,5.0,Quintez Cephus,22.0,2020,14.9,1.0,62.5,64.8,49.0,20.0,216.0,120.4,32.0,349.0,82.0,4.1,17.5,1.62,10.90625,2020,0
70,5.0,John Hightower,24.0,2020,22.4,1.0,34.5,50.5,59.0,10.0,231.0,15.2,29.0,167.0,60.0,6.0,16.7,0.72,5.758620689655173,2020,0
71,5.0,Darnell Mooney,22.0,2020,11.8,17.0,64.9,68.7,53.0,61.0,524.0,89.5,94.0,631.0,273.0,4.5,10.3,1.2,6.712765957446808,2020,0
72,6.0,Donovan Peoples-Jones,21.0,2020,17.6,1.0,70.0,71.8,75.0,14.0,130.0,145.8,20.0,304.0,80.0,5.7,21.7,2.34,15.2,2020,0
73,6.0,Quez Watkins,22.0,2020,9.2,1.0,58.3,61.1,43.0,7.0,80.0,115.3,12.0,106.0,57.0,8.1,15.1,1.33,8.833333333333334,2020,0
74,6.0,Freddie Swain,22.0,2020,12.6,0.0,68.4,53.4,23.0,13.0,223.0,129.1,19.0,159.0,101.0,7.8,12.2,0.71,8.368421052631579,2020,0
75,7.0,K.J. Hill,22.0,2020,6.8,0.0,63.6,55.0,25.0,7.0,93.0,82.8,11.0,73.0,22.0,3.1,10.4,0.78,6.636363636363637,2020,0
76,7.0,Tyrie Cleveland,22.0,2020,8.8,1.0,75.0,76.2,17.0,6.0,31.0,97.4,8.0,63.0,21.0,3.5,10.5,2.03,7.875,2020,0
77,1.0,Marquise Brown,22.0,2019,11.8,8.0,70.8,70.8,83.0,46.0,322.0,134.4,65.0,584.0,234.0,5.1,12.7,1.81,8.984615384615385,2019,1
78,1.0,N'Keal Harry,21.0,2019,10.0,4.0,52.2,66.6,18.0,12.0,126.0,75.5,23.0,105.0,45.0,3.8,8.8,0.83,4.565217391304348,2019,0
79,2.0,Deebo Samuel,23.0,2019,7.6,18.0,74.0,74.5,42.0,57.0,393.0,120.2,77.0,802.0,484.0,8.5,14.1,2.04,10.415584415584416,2019,1
80,2.0,A.J. Brown,22.0,2019,13.6,16.0,61.9,84.0,91.0,52.0,393.0,127.6,84.0,1051.0,462.0,8.9,20.2,2.67,12.511904761904763,2019,4
81,2.0,Parris Campbell,22.0,2019,8.1,5.0,78.3,54.7,27.0,18.0,119.0,104.2,23.0,127.0,109.0,6.1,7.1,1.07,5.521739130434782,2019,0
82,2.0,Andy Isabella,22.0,2019,6.9,3.0,69.2,64.2,88.0,9.0,96.0,137.5,13.0,189.0,140.0,15.6,21.0,1.97,14.538461538461538,2019,0
83,2.0,D.K. Metcalf,21.0,2019,13.7,9.0,59.8,69.7,54.0,58.0,534.0,110.3,97.0,900.0,280.0,4.8,15.5,1.69,9.278350515463918,2019,3
84,3.0,Diontae Johnson,23.0,2019,9.5,18.0,68.6,67.9,45.0,59.0,422.0,101.9,86.0,680.0,311.0,5.3,11.5,1.61,7.906976744186046,2019,1
85,3.0,Terry McLaurin,23.0,2019,14.6,7.0,63.7,85.7,75.0,58.0,449.0,118.3,91.0,919.0,222.0,3.8,15.8,2.05,10.098901098901099,2019,4
86,3.0,Miles Boykin,22.0,2019,18.0,0.0,59.1,60.9,50.0,13.0,180.0,128.4,22.0,198.0,17.0,1.3,15.2,1.1,9.0,2019,0
87,4.0,Riley Ridley,23.0,2019,12.8,0.0,75.0,63.8,32.0,6.0,72.0,100.5,8.0,69.0,16.0,2.7,11.5,0.96,8.625,2019,0
88,5.0,Hunter Renfrow,23.0,2019,7.2,10.0,73.1,75.5,65.0,49.0,290.0,114.3,67.0,605.0,312.0,6.4,12.3,2.09,9.029850746268657,2019,1
89,5.0,Darius Slayton,22.0,2019,14.4,5.0,60.0,70.3,55.0,48.0,471.0,103.1,80.0,740.0,199.0,4.1,15.4,1.57,9.25,2019,0
90,6.0,KeeSean Johnson,22.0,2019,10.2,1.0,52.5,53.5,31.0,21.0,241.0,63.2,40.0,187.0,49.0,2.3,8.9,0.78,4.675,2019,0
91,6.0,Kelvin Harmon,22.0,2019,11.8,3.0,69.8,63.9,30.0,30.0,290.0,76.2,43.0,365.0,98.0,3.3,12.2,1.26,8.488372093023257,2019,0
92,6.0,Scott Miller,22.0,2019,16.6,0.0,56.5,63.3,48.0,13.0,137.0,99.9,23.0,200.0,38.0,2.9,15.4,1.46,8.695652173913043,2019,0
93,7.0,John Ursua,25.0,2019,11.0,0.0,100.0,71.5,11.0,1.0,6.0,112.5,1.0,11.0,0.0,0.0,11.0,1.83,11.0,2019,0
94,7.0,Olabisi Johnson,22.0,2019,10.3,1.0,75.6,66.2,23.0,31.0,285.0,119.4,41.0,294.0,67.0,2.2,9.5,1.03,7.170731707317073,2019,0
95,1.0,Calvin Ridley,23.0,2018,10.4,3.0,70.3,68.8,75.0,64.0,465.0,125.8,91.0,821.0,367.0,5.7,12.8,1.77,9.021978021978022,2018,2
96,2.0,Courtland Sutton,22.0,2018,15.6,6.0,53.2,64.0,42.0,42.0,532.0,84.6,79.0,704.0,167.0,4.0,16.8,1.32,8.91139240506329,2018,1
97,2.0,Dante Pettis,22.0,2018,12.1,6.0,67.5,68.5,75.0,27.0,261.0,125.7,40.0,467.0,214.0,7.9,17.3,1.79,11.675,2018,0
98,2.0,Christian Kirk,21.0,2018,10.0,4.0,66.2,70.3,75.0,43.0,344.0,84.8,65.0,590.0,229.0,5.3,13.7,1.72,9.076923076923077,2018,1
99,2.0,Anthony Miller,23.0,2018,11.6,2.0,61.1,60.4,55.0,33.0,361.0,117.5,54.0,423.0,173.0,5.2,12.8,1.17,7.833333333333333,2018,0
100,2.0,James Washington,22.0,2018,17.3,1.0,44.4,49.2,47.0,16.0,381.0,73.5,36.0,217.0,55.0,3.4,13.6,0.57,6.027777777777778,2018,0
101,3.0,Michael Gallup,22.0,2018,14.4,2.0,50.0,60.3,49.0,33.0,431.0,73.2,66.0,507.0,168.0,5.1,15.4,1.18,7.681818181818182,2018,1
102,3.0,Tre'Quan Smith,22.0,2018,12.8,3.0,65.1,68.7,62.0,28.0,319.0,136.5,43.0,427.0,110.0,3.9,15.3,1.34,9.930232558139535,2018,0
103,4.0,Keke Coutee,21.0,2018,4.7,2.0,73.7,64.7,40.0,28.0,167.0,81.8,38.0,287.0,211.0,7.5,10.3,1.72,7.552631578947368,2018,0
104,4.0,Antonio Callaway,21.0,2018,14.5,3.0,55.1,64.0,71.0,43.0,490.0,74.0,78.0,586.0,233.0,5.4,13.6,1.2,7.512820512820513,2018,0
105,4.0,DaeSean Hamilton,23.0,2018,8.7,1.0,66.7,60.1,24.0,30.0,277.0,85.7,45.0,243.0,71.0,2.4,8.1,0.88,5.4,2018,0
106,4.0,J'Mon Moore,23.0,2018,5.7,0.0,66.7,53.5,10.0,2.0,55.0,78.5,3.0,15.0,7.0,3.5,7.5,0.27,5.0,2018,0
107,5.0,Justin Watson,22.0,2018,5.0,0.0,50.0,54.4,5.0,1.0,30.0,56.3,2.0,5.0,0.0,0.0,5.0,0.17,2.5,2018,0
108,5.0,Marquez Valdes-Scantling,23.0,2018,13.8,5.0,56.7,60.4,60.0,38.0,476.0,95.4,67.0,581.0,217.0,5.7,15.3,1.22,8.671641791044776,2018,0
109,6.0,Damion Ratley,23.0,2018,10.9,1.0,65.0,55.9,27.0,13.0,120.0,65.4,20.0,144.0,52.0,4.0,11.1,1.2,7.2,2018,0
110,6.0,Russell Gage,22.0,2018,10.2,0.0,60.0,58.3,22.0,6.0,32.0,78.3,10.0,63.0,21.0,3.5,10.5,1.97,6.3,2018,0
111,6.0,Equanimeous St. Brown,21.0,2018,14.4,1.0,61.8,64.3,54.0,21.0,251.0,93.8,34.0,328.0,116.0,5.5,15.6,1.31,9.647058823529411,2018,0
112,7.0,Javon Wims,23.0,2018,7.0,0.0,80.0,74.2,16.0,4.0,11.0,93.3,5.0,32.0,2.0,0.5,8.0,2.91,6.4,2018,0
113,7.0,Marcell Ateman,23.0,2018,12.0,0.0,50.0,53.5,32.0,15.0,222.0,76.3,30.0,154.0,34.0,2.3,10.3,0.69,5.133333333333334,2018,0
114,7.0,Richie James,23.0,2018,4.8,3.0,69.2,57.8,53.0,9.0,120.0,87.5,13.0,130.0,102.0,11.3,14.4,1.08,10.0,2018,0
115,7.0,Auden Tate,21.0,2018,10.8,0.0,33.3,53.5,15.0,4.0,52.0,42.4,12.0,35.0,3.0,0.8,8.8,0.67,2.9166666666666665,2018,0
116,7.0,Trey Quinn,22.0,2018,7.3,0.0,90.0,57.3,15.0,9.0,73.0,91.7,10.0,75.0,20.0,2.2,8.3,1.03,7.5,2018,0
117,1.0,Corey Coleman,22.0,2016,15.5,8.0,53.2,61.7,58.0,33.0,360.0,70.2,62.0,413.0,100.0,3.0,12.5,1.15,6.661290322580645,2016,0
118,1.0,Josh Doctson,23.0,2016,22.3,0.0,33.3,57.7,57.0,2.0,24.0,75.7,6.0,66.0,14.0,7.0,33.0,2.75,11.0,2016,0
119,1.0,Laquon Treadwell,21.0,2016,21.0,0.0,33.3,56.4,15.0,1.0,46.0,50.7,3.0,15.0,0.0,0.0,15.0,0.33,5.0,2016,0
120,2.0,Sterling Shepard,23.0,2016,9.4,8.0,63.1,66.4,32.0,65.0,610.0,88.0,103.0,683.0,261.0,4.0,10.5,1.12,6.631067961165049,2016,0
121,2.0,Michael Thomas,23.0,2016,8.1,20.0,77.3,86.4,46.0,92.0,556.0,117.5,119.0,1137.0,478.0,5.2,12.4,2.04,9.554621848739496,2016,4
122,2.0,Tyler Boyd,21.0,2016,9.0,2.0,71.1,65.1,30.0,54.0,481.0,82.3,76.0,603.0,213.0,3.9,11.2,1.25,7.934210526315789,2016,2
123,3.0,Braxton Miller,23.0,2016,7.6,3.0,55.6,50.8,12.0,15.0,231.0,45.1,27.0,99.0,52.0,3.5,6.6,0.43,3.6666666666666665,2016,0
124,3.0,Leonte Carroo,22.0,2016,18.2,0.0,50.0,54.2,15.0,3.0,67.0,63.9,6.0,29.0,14.0,4.7,9.7,0.43,4.833333333333333,2016,0
125,4.0,Chris Moore,23.0,2016,8.9,1.0,43.8,50.3,13.0,7.0,94.0,51.0,16.0,46.0,17.0,2.4,6.6,0.49,2.875,2016,0
126,4.0,Malcolm Mitchell,24.0,2016,10.6,6.0,71.1,67.9,56.0,32.0,308.0,118.8,45.0,401.0,162.0,5.1,12.5,1.3,8.911111111111111,2016,0
127,4.0,Ricardo Louis,22.0,2016,10.8,4.0,56.3,57.9,42.0,18.0,210.0,62.6,32.0,205.0,93.0,5.2,11.4,0.98,6.40625,2016,0
128,4.0,Pharoh Cooper,21.0,2016,4.1,3.0,73.7,52.8,23.0,14.0,130.0,47.1,19.0,106.0,72.0,5.1,7.6,0.82,5.578947368421052,2016,0
129,5.0,Tajae Sharpe,21.0,2016,13.4,2.0,53.2,60.8,34.0,41.0,483.0,77.9,77.0,522.0,88.0,2.1,12.7,1.08,6.779220779220779,2016,0
130,5.0,Jordan Payton,23.0,2016,14.0,0.0,50.0,53.4,3.0,1.0,23.0,56.3,2.0,3.0,0.0,0.0,3.0,0.13,1.5,2016,0
131,5.0,Trevor Davis,23.0,2016,7.7,0.0,50.0,55.5,9.0,3.0,58.0,100.0,6.0,24.0,9.0,3.0,8.0,0.41,4.0,2016,0
132,5.0,Tyreek Hill,22.0,2016,7.9,13.0,75.3,80.4,49.0,61.0,260.0,109.7,81.0,593.0,278.0,4.6,9.7,2.28,7.320987654320987,2016,6
133,5.0,Rashard Higgins,21.0,2016,11.1,1.0,50.0,61.5,19.0,6.0,109.0,30.9,12.0,77.0,32.0,5.3,12.8,0.71,6.416666666666667,2016,0
134,6.0,Cody Core,22.0,2016,7.5,1.0,65.4,60.7,50.0,17.0,135.0,88.6,26.0,200.0,118.0,6.9,11.8,1.48,7.6923076923076925,2016,0
135,6.0,Mike Thomas,22.0,2016,13.6,1.0,33.3,51.6,16.0,3.0,55.0,47.0,9.0,37.0,13.0,4.3,12.3,0.67,4.111111111111111,2016,0
136,6.0,Mike Thomas,22.0,2016,13.6,1.0,33.3,51.6,16.0,3.0,55.0,47.0,9.0,37.0,13.0,4.3,12.3,0.67,4.111111111111111,2009,0
137,6.0,Aaron Burbridge,22.0,2016,9.4,1.0,50.0,55.5,24.0,7.0,129.0,69.9,14.0,88.0,42.0,6.0,12.6,0.68,6.285714285714286,2016,0
138,7.0,Charone Peake,23.0,2016,9.5,4.0,57.6,59.0,27.0,19.0,227.0,48.3,33.0,186.0,73.0,3.8,9.8,0.82,5.636363636363637,2016,0
139,1.0,Amari Cooper,21.0,2015,10.6,14.0,58.5,71.2,68.0,72.0,581.0,93.2,123.0,1070.0,383.0,5.3,14.9,1.84,8.699186991869919,2015,7
140,1.0,DeVante Parker,22.0,2015,15.9,7.0,59.1,72.9,49.0,26.0,294.0,111.4,44.0,494.0,102.0,3.9,19.0,1.68,11.227272727272727,2015,1
141,1.0,Nelson Agholor,22.0,2015,11.5,1.0,53.5,48.7,53.0,23.0,404.0,81.8,43.0,283.0,94.0,4.1,12.3,0.7,6.5813953488372094,2015,0
142,1.0,Phillip Dorsett,22.0,2015,13.3,0.0,50.0,60.5,35.0,18.0,148.0,67.5,36.0,225.0,61.0,3.4,12.5,1.52,6.25,2015,0
143,2.0,Devin Smith,23.0,2015,21.0,0.0,34.6,52.3,22.0,9.0,232.0,22.6,26.0,115.0,24.0,2.7,12.8,0.5,4.423076923076923,2015,0
144,2.0,Dorial Green-Beckham,22.0,2015,14.1,4.0,50.8,71.1,47.0,32.0,406.0,82.0,63.0,549.0,147.0,4.6,17.2,1.35,8.714285714285714,2015,0
145,3.0,Tyler Lockett,22.0,2015,13.6,8.0,76.1,76.1,49.0,51.0,424.0,130.4,67.0,664.0,259.0,5.1,13.0,1.57,9.91044776119403,2015,4
146,3.0,Jaelen Strong,21.0,2015,10.9,1.0,63.6,64.6,42.0,14.0,163.0,106.3,22.0,161.0,70.0,5.0,11.5,0.99,7.318181818181818,2015,0
147,3.0,Chris Conley,22.0,2015,11.3,1.0,56.7,60.4,44.0,17.0,222.0,88.1,30.0,199.0,70.0,4.1,11.7,0.9,6.633333333333334,2015,0
148,3.0,Sammie Coates,22.0,2015,8.0,0.0,50.0,56.6,11.0,1.0,28.0,66.7,2.0,11.0,4.0,4.0,11.0,0.39,5.5,2015,0
149,3.0,Ty Montgomery,22.0,2015,6.0,5.0,83.3,56.7,31.0,15.0,140.0,135.2,18.0,136.0,94.0,6.3,9.1,0.97,7.555555555555555,2015,0
150,4.0,Jamison Crowder,22.0,2015,6.1,3.0,79.7,71.0,44.0,59.0,456.0,104.1,74.0,604.0,339.0,5.7,10.2,1.32,8.162162162162161,2015,0
151,4.0,Justin Hardy,23.0,2015,9.7,0.0,61.8,63.5,23.0,21.0,221.0,40.6,34.0,194.0,65.0,3.1,9.2,0.88,5.705882352941177,2015,0
152,5.0,Stefon Diggs,21.0,2015,11.0,13.0,67.5,77.7,40.0,52.0,397.0,98.4,77.0,720.0,300.0,5.8,13.8,1.81,9.35064935064935,2015,6
153,5.0,Keith Mumphery,23.0,2015,11.5,0.0,43.8,48.4,26.0,14.0,219.0,42.3,32.0,129.0,15.0,1.1,9.2,0.59,4.03125,2015,0
154,6.0,Geremy Davis,23.0,2015,12.7,0.0,66.7,57.5,16.0,2.0,24.0,86.8,3.0,21.0,7.0,3.5,10.5,0.88,7.0,2015,0
155,6.0,Darren Waller,22.0,2015,14.3,2.0,33.3,52.9,17.0,2.0,29.0,42.4,6.0,18.0,14.0,7.0,9.0,0.62,3.0,2015,2
156,7.0,Mario Alford,23.0,2015,11.0,0.0,100.0,79.1,15.0,1.0,2.0,118.8,1.0,15.0,4.0,4.0,15.0,7.5,15.0,2015,0
157,7.0,Tre McBride,22.0,2015,10.8,0.0,50.0,52.0,7.0,2.0,37.0,95.8,4.0,8.0,1.0,0.5,4.0,0.22,2.0,2015,0
158,1.0,Sammy Watkins,21.0,2014,13.5,10.0,52.4,69.3,84.0,65.0,618.0,81.5,124.0,982.0,341.0,5.2,15.1,1.59,7.919354838709677,2014,1
159,1.0,Mike Evans,21.0,2014,15.8,8.0,58.6,84.6,56.0,68.0,510.0,101.6,116.0,1051.0,170.0,2.5,15.5,2.06,9.060344827586206,2014,10
160,1.0,Odell Beckham Jr.,21.0,2014,12.3,15.0,70.5,90.8,80.0,91.0,474.0,127.6,129.0,1305.0,481.0,5.3,14.3,2.75,10.116279069767442,2014,5
161,1.0,Brandin Cooks,20.0,2014,8.5,2.0,81.5,68.9,50.0,53.0,353.0,110.9,65.0,550.0,171.0,3.2,10.4,1.56,8.461538461538462,2014,6
162,1.0,Kelvin Benjamin,23.0,2014,14.9,9.0,51.4,73.5,51.0,73.0,541.0,86.8,142.0,1008.0,177.0,2.4,13.8,1.86,7.098591549295775,2014,1
163,2.0,Marqise Lee,22.0,2014,8.2,7.0,60.7,61.4,37.0,37.0,330.0,80.1,61.0,422.0,176.0,4.8,11.4,1.28,6.918032786885246,2014,0
164,2.0,Jordan Matthews,22.0,2014,9.4,9.0,68.4,72.2,44.0,67.0,485.0,119.3,98.0,876.0,399.0,6.0,13.1,1.81,8.938775510204081,2014,0
165,2.0,Davante Adams,21.0,2014,10.0,5.0,61.3,60.5,45.0,38.0,465.0,92.5,62.0,446.0,185.0,4.9,11.7,0.96,7.193548387096774,2014,5
166,2.0,Cody Latimer,21.0,2014,11.3,0.0,50.0,63.0,14.0,2.0,15.0,67.7,4.0,23.0,14.0,7.0,11.5,1.53,5.75,2014,0
167,2.0,Jarvis Landry,21.0,2014,5.0,11.0,80.0,78.0,25.0,84.0,432.0,96.6,105.0,755.0,448.0,5.3,9.0,1.75,7.190476190476191,2014,3
168,3.0,Josh Huff,22.0,2014,9.1,6.0,47.1,58.3,44.0,8.0,106.0,25.7,17.0,98.0,80.0,10.0,12.3,0.92,5.764705882352941,2014,0
169,3.0,Donte Moncrief,21.0,2014,12.2,5.0,69.6,72.0,79.0,32.0,255.0,122.0,46.0,444.0,215.0,6.7,13.9,1.74,9.652173913043478,2014,0
170,3.0,John Brown,24.0,2014,15.6,1.0,51.1,69.7,75.0,48.0,459.0,84.4,94.0,696.0,179.0,3.7,14.5,1.52,7.404255319148936,2014,2
171,3.0,Dri Archer,23.0,2014,-0.6,1.0,70.0,54.9,15.0,7.0,36.0,72.9,10.0,23.0,28.0,4.0,3.3,0.64,2.3,2014,0
172,4.0,Jalen Saunders,21.0,2014,5.0,0.0,100.0,60.1,7.0,1.0,2.0,95.8,1.0,7.0,2.0,2.0,7.0,3.5,7.0,2014,0
173,4.0,Bruce Ellington,23.0,2014,8.3,1.0,54.5,67.1,20.0,6.0,55.0,110.6,11.0,62.0,38.0,6.3,10.3,1.13,5.636363636363637,2014,0
174,4.0,Martavis Bryant,22.0,2014,19.3,1.0,54.2,74.8,94.0,26.0,199.0,125.8,48.0,549.0,192.0,7.4,21.1,2.76,11.4375,2014,0
175,4.0,Kevin Norwood,24.0,2014,10.6,2.0,90.0,67.3,31.0,9.0,75.0,109.2,10.0,102.0,42.0,4.7,11.3,1.36,10.2,2014,0
176,5.0,Ryan Grant,23.0,2014,11.7,1.0,50.0,54.5,21.0,7.0,110.0,24.4,14.0,68.0,21.0,3.0,9.7,0.62,4.857142857142857,2014,0
177,5.0,Devin Street,23.0,2014,17.4,0.0,28.6,52.3,9.0,2.0,75.0,0.0,7.0,18.0,5.0,2.5,9.0,0.24,2.5714285714285716,2014,0
178,6.0,Robert Herron,22.0,2014,9.5,1.0,54.5,46.7,16.0,6.0,86.0,99.8,11.0,58.0,26.0,4.3,9.7,0.67,5.2727272727272725,2014,0
179,7.0,Michael Campanaro,23.0,2014,9.9,1.0,77.8,81.8,19.0,7.0,40.0,150.9,9.0,102.0,35.0,5.0,14.6,2.55,11.333333333333334,2014,0
180,7.0,Jeff Janis,23.0,2014,7.0,1.0,100.0,68.0,9.0,2.0,9.0,100.0,2.0,16.0,2.0,1.0,8.0,1.78,8.0,2014,0
181,7.0,James Wright,22.0,2014,15.1,0.0,35.7,60.8,30.0,5.0,110.0,19.3,14.0,91.0,35.0,7.0,18.2,0.83,6.5,2014,0
182,1.0,Tavon Austin,23.0,2013,7.5,4.0,61.5,70.0,81.0,40.0,303.0,94.3,65.0,418.0,229.0,5.7,10.5,1.38,6.430769230769231,2013,0
183,1.0,DeAndre Hopkins,21.0,2013,14.2,1.0,57.1,68.7,66.0,52.0,629.0,80.0,91.0,802.0,176.0,3.4,15.4,1.28,8.813186813186814,2013,7
184,1.0,Cordarrelle Patterson,22.0,2013,8.6,9.0,62.5,80.4,79.0,45.0,290.0,88.3,72.0,469.0,286.0,6.4,10.4,1.62,6.513888888888889,2013,0
185,2.0,Justin Hunter,22.0,2013,18.4,1.0,43.9,68.5,57.0,18.0,212.0,107.2,41.0,354.0,92.0,5.1,19.7,1.67,8.634146341463415,2013,0
186,2.0,Robert Woods,21.0,2013,14.7,2.0,49.4,63.9,57.0,40.0,483.0,70.3,81.0,587.0,112.0,2.8,14.7,1.22,7.246913580246914,2013,2
187,2.0,Aaron Dobson,22.0,2013,13.6,3.0,52.1,63.6,81.0,37.0,315.0,83.0,71.0,519.0,197.0,5.3,14.0,1.65,7.309859154929577,2013,0
188,3.0,Terrance Williams,23.0,2013,14.2,3.0,61.1,66.2,82.0,44.0,490.0,107.2,72.0,736.0,215.0,4.9,16.7,1.5,10.222222222222221,2013,0
189,3.0,Keenan Allen,21.0,2013,10.7,13.0,70.3,83.8,43.0,71.0,510.0,117.8,101.0,1046.0,427.0,6.0,14.7,2.05,10.356435643564357,2013,6
190,3.0,Marquise Goodwin,22.0,2013,20.2,0.0,53.1,68.5,59.0,17.0,192.0,88.4,32.0,283.0,54.0,3.2,16.6,1.47,8.84375,2013,0
191,3.0,Markus Wheaton,22.0,2013,12.9,0.0,50.0,55.1,21.0,6.0,107.0,31.3,12.0,64.0,38.0,6.3,10.7,0.6,5.333333333333333,2013,0
192,3.0,Stedman Bailey,22.0,2013,10.4,2.0,73.9,70.9,28.0,17.0,117.0,104.6,23.0,226.0,45.0,2.6,13.3,1.93,9.826086956521738,2013,0
193,4.0,Ace Sanders,21.0,2013,6.3,4.0,64.6,61.9,51.0,51.0,433.0,75.1,79.0,484.0,291.0,5.7,9.5,1.12,6.1265822784810124,2013,0
194,4.0,Josh Boyce,22.0,2013,8.4,3.0,47.4,60.8,30.0,9.0,122.0,46.2,19.0,121.0,78.0,8.7,13.4,0.99,6.368421052631579,2013,0
195,4.0,Quinton Patton,23.0,2013,10.5,1.0,50.0,58.1,29.0,3.0,41.0,67.4,6.0,34.0,6.0,2.0,11.3,0.83,5.666666666666667,2013,0
196,5.0,Kenny Stills,21.0,2013,16.8,1.0,69.6,62.6,76.0,32.0,495.0,139.3,46.0,641.0,195.0,6.1,20.0,1.29,13.934782608695652,2013,0
197,7.0,Brice Butler,23.0,2013,10.6,0.0,52.9,56.7,29.0,9.0,140.0,31.9,17.0,103.0,26.0,2.9,11.4,0.74,6.0588235294117645,2013,0
198,7.0,Marquess Wilson,20.0,2013,1.5,1.0,100.0,54.7,10.0,2.0,37.0,93.8,2.0,13.0,10.0,5.0,6.5,0.35,6.5,2013,0
199,1.0,Justin Blackmon,22.0,2012,11.4,6.0,49.6,65.7,81.0,64.0,637.0,64.9,129.0,865.0,290.0,4.5,13.5,1.36,6.705426356589148,2012,0
200,1.0,Michael Floyd,22.0,2012,12.3,5.0,57.0,63.1,53.0,45.0,416.0,82.4,79.0,562.0,161.0,3.6,12.5,1.35,7.113924050632911,2012,1
201,1.0,Kendall Wright,22.0,2012,6.5,13.0,67.4,67.7,38.0,64.0,398.0,90.9,95.0,626.0,330.0,5.2,9.8,1.57,6.589473684210526,2012,1
202,2.0,Brian Quick,23.0,2012,13.4,0.0,40.7,59.2,39.0,11.0,117.0,45.2,27.0,156.0,30.0,2.7,14.2,1.33,5.777777777777778,2012,0
203,2.0,Stephen Hill,21.0,2012,14.3,1.0,45.7,56.6,33.0,21.0,261.0,66.6,46.0,252.0,38.0,1.8,12.0,0.97,5.478260869565218,2012,0
204,2.0,Alshon Jeffery,22.0,2012,16.6,0.0,50.0,66.0,55.0,24.0,261.0,87.8,48.0,367.0,72.0,3.0,15.3,1.41,7.645833333333333,2012,2
205,2.0,Ryan Broyles,24.0,2012,9.4,1.0,73.3,71.8,40.0,22.0,191.0,114.6,30.0,310.0,158.0,7.2,14.1,1.62,10.333333333333334,2012,0
206,2.0,Rueben Randle,21.0,2012,12.8,3.0,59.4,76.1,56.0,19.0,156.0,121.6,32.0,298.0,73.0,3.8,15.7,1.91,9.3125,2012,0
207,3.0,DeVier Posey,22.0,2012,11.5,2.0,46.2,57.1,36.0,6.0,87.0,36.4,13.0,87.0,33.0,5.5,14.5,1.0,6.6923076923076925,2012,0
208,3.0,T.J. Graham,23.0,2012,12.0,4.0,53.4,52.4,51.0,31.0,415.0,54.0,58.0,322.0,183.0,5.9,10.4,0.78,5.551724137931035,2012,0
209,3.0,Mohamed Sanu,23.0,2012,6.9,2.0,66.7,71.7,34.0,16.0,111.0,124.0,24.0,154.0,79.0,4.9,9.6,1.39,6.416666666666667,2012,0
210,3.0,T.Y. Hilton,22.0,2012,12.3,4.0,56.8,66.4,70.0,50.0,478.0,102.5,88.0,861.0,386.0,7.7,17.2,1.8,9.784090909090908,2012,5
211,4.0,Chris Givens,22.0,2012,15.5,4.0,54.5,71.4,65.0,42.0,367.0,92.9,77.0,698.0,286.0,6.8,16.6,1.9,9.064935064935066,2012,0
212,4.0,Travis Benjamin,22.0,2012,15.1,2.0,50.0,65.8,69.0,18.0,217.0,57.2,36.0,298.0,60.0,3.3,16.6,1.37,8.277777777777779,2012,0
213,4.0,Joe Adams,22.0,2012,-2.0,0.0,100.0,54.3,7.0,1.0,7.0,95.8,1.0,7.0,9.0,9.0,7.0,1.0,7.0,2012,0
214,4.0,Devon Wylie,24.0,2012,6.8,0.0,50.0,58.7,16.0,6.0,42.0,62.2,12.0,53.0,13.0,2.2,8.8,1.26,4.416666666666667,2012,0
215,4.0,Jarius Wright,22.0,2012,10.4,3.0,61.1,66.5,65.0,22.0,133.0,95.8,36.0,310.0,122.0,5.5,14.1,2.33,8.61111111111111,2012,0
216,4.0,Keshawn Martin,22.0,2012,7.0,1.0,38.5,51.5,18.0,10.0,161.0,21.0,26.0,85.0,40.0,4.0,8.5,0.53,3.269230769230769,2012,0
217,5.0,Juron Criner,22.0,2012,7.8,2.0,55.2,72.4,17.0,16.0,121.0,66.9,29.0,151.0,84.0,5.3,9.4,1.25,5.206896551724138,2012,0
218,6.0,LaVon Brazill,23.0,2012,18.1,1.0,45.8,56.9,42.0,11.0,163.0,69.1,24.0,186.0,74.0,6.7,16.9,1.14,7.75,2012,0
219,7.0,Rishard Matthews,22.0,2012,12.4,0.0,61.1,60.1,30.0,11.0,148.0,64.8,18.0,151.0,31.0,2.8,13.7,1.02,8.38888888888889,2012,0
220,7.0,Toney Clemons,23.0,2012,13.8,0.0,33.3,53.0,17.0,3.0,90.0,9.3,9.0,41.0,14.0,4.7,13.7,0.46,4.555555555555555,2012,0
221,7.0,Jordan White,24.0,2012,19.7,0.0,33.3,60.4,13.0,1.0,20.0,47.9,3.0,13.0,3.0,3.0,13.0,0.65,4.333333333333333,2012,0
222,1.0,A.J. Green,23.0,2011,14.5,2.0,58.6,72.8,58.0,65.0,497.0,96.6,111.0,1057.0,284.0,4.4,16.3,2.13,9.522522522522523,2011,6
223,1.0,Julio Jones,22.0,2011,13.5,12.0,59.3,70.8,80.0,54.0,456.0,115.6,91.0,959.0,421.0,7.8,17.8,2.1,10.538461538461538,2011,7
224,1.0,Jonathan Baldwin,22.0,2011,14.3,0.0,41.2,58.9,39.0,21.0,265.0,47.3,51.0,254.0,42.0,2.0,12.1,0.96,4.980392156862745,2011,0
225,2.0,Titus Young,22.0,2011,13.4,1.0,60.0,62.7,57.0,48.0,486.0,103.5,80.0,607.0,142.0,3.0,12.6,1.25,7.5875,2011,0
226,2.0,Torrey Smith,22.0,2011,19.0,2.0,55.6,68.6,74.0,50.0,519.0,108.6,90.0,841.0,242.0,4.8,16.8,1.62,9.344444444444445,2011,1
227,2.0,Greg Little,22.0,2011,9.8,17.0,54.0,58.7,76.0,61.0,597.0,68.0,113.0,709.0,247.0,4.0,11.6,1.19,6.274336283185841,2011,0
228,2.0,Randall Cobb,21.0,2011,8.5,6.0,80.6,65.1,61.0,25.0,172.0,114.4,31.0,375.0,193.0,7.7,15.0,2.18,12.096774193548388,2011,1
229,3.0,Austin Pettis,23.0,2011,7.7,2.0,58.7,60.3,35.0,27.0,238.0,56.1,46.0,256.0,96.0,3.6,9.5,1.08,5.565217391304348,2011,0
230,3.0,Leonard Hankerson,22.0,2011,12.2,0.0,65.0,74.4,23.0,13.0,91.0,50.6,20.0,163.0,40.0,3.1,12.5,1.79,8.15,2011,0
231,3.0,Vincent Brown,22.0,2011,16.5,3.0,50.0,69.5,31.0,19.0,225.0,86.4,38.0,329.0,91.0,4.8,17.3,1.46,8.657894736842104,2011,0
232,4.0,Kris Durham,23.0,2011,11.5,0.0,75.0,64.3,12.0,3.0,21.0,56.3,4.0,30.0,3.0,1.0,10.0,1.43,7.5,2011,0
233,4.0,Clyde Gates,25.0,2011,22.3,0.0,20.0,56.3,11.0,2.0,64.0,0.0,10.0,19.0,0.0,0.0,9.5,0.3,1.9,2011,0
234,4.0,Greg Salas,23.0,2011,2.9,3.0,77.1,63.1,21.0,27.0,137.0,97.8,35.0,264.0,230.0,8.5,9.8,1.93,7.542857142857143,2011,0
235,4.0,Cecil Shorts,23.0,2011,15.3,0.0,16.7,46.6,25.0,2.0,118.0,27.8,12.0,30.0,4.0,2.0,15.0,0.25,2.5,2011,0
236,5.0,Denarius Moore,22.0,2011,18.5,1.0,45.2,76.7,78.0,33.0,333.0,58.3,73.0,618.0,133.0,4.0,18.7,1.86,8.465753424657533,2011,0
237,5.0,Jeremy Kerley,22.0,2011,10.5,3.0,65.9,69.9,38.0,29.0,223.0,75.4,44.0,314.0,109.0,3.8,10.8,1.41,7.136363636363637,2011,0
238,5.0,Niles Paul,22.0,2011,11.8,0.0,40.0,58.9,14.0,2.0,74.0,56.3,5.0,25.0,2.0,1.0,12.5,0.34,5.0,2011,0
239,6.0,Ryan Whalen,22.0,2011,4.8,0.0,100.0,64.1,13.0,4.0,43.0,94.8,4.0,27.0,8.0,2.0,6.8,0.63,6.75,2011,0
240,7.0,Stephen Burton,21.0,2011,16.8,0.0,50.0,60.5,21.0,2.0,31.0,83.3,4.0,38.0,6.0,3.0,19.0,1.23,9.5,2011,0
241,7.0,David Ausberry,23.0,2011,6.5,0.0,100.0,54.4,10.0,2.0,37.0,95.8,2.0,14.0,1.0,0.5,7.0,0.38,7.0,2011,0
242,7.0,DeMarco Sampson,25.0,2011,9.4,0.0,37.5,54.1,15.0,3.0,78.0,52.1,8.0,36.0,8.0,2.7,12.0,0.46,4.5,2011,0
243,1.0,Demaryius Thomas,22.0,2010,9.0,6.0,59.5,79.2,31.0,22.0,101.0,90.3,37.0,283.0,148.0,6.7,12.9,2.8,7.648648648648648,2010,5
244,1.0,Dez Bryant,21.0,2010,11.5,8.0,63.4,72.9,46.0,45.0,315.0,104.3,71.0,561.0,206.0,4.6,12.5,1.78,7.901408450704225,2010,3
245,2.0,Dexter McCluster,21.0,2010,4.2,5.0,58.3,59.3,31.0,21.0,225.0,61.0,36.0,209.0,179.0,8.5,10.0,0.93,5.805555555555555,2010,0
246,2.0,Arrelious Benn,21.0,2010,12.8,3.0,67.6,81.0,64.0,25.0,169.0,120.9,37.0,395.0,159.0,6.4,15.8,2.34,10.675675675675675,2010,0
247,2.0,Golden Tate,22.0,2010,10.5,5.0,55.3,66.0,52.0,21.0,139.0,62.1,38.0,227.0,112.0,5.3,10.8,1.63,5.973684210526316,2010,3
248,3.0,Damian Williams,22.0,2010,11.6,2.0,61.5,69.7,39.0,16.0,133.0,88.5,26.0,219.0,45.0,2.8,13.7,1.65,8.423076923076923,2010,0
249,3.0,Brandon LaFell,23.0,2010,10.8,2.0,53.5,64.6,44.0,38.0,339.0,73.0,71.0,468.0,142.0,3.7,12.3,1.38,6.591549295774648,2010,0
250,3.0,Emmanuel Sanders,23.0,2010,12.9,2.0,58.3,72.8,35.0,28.0,280.0,97.2,48.0,376.0,80.0,2.9,13.4,1.34,7.833333333333333,2010,3
251,3.0,Jordan Shipley,24.0,2010,8.2,2.0,72.2,66.9,64.0,52.0,428.0,99.3,72.0,600.0,197.0,3.8,11.5,1.4,8.333333333333334,2010,0
252,3.0,Eric Decker,23.0,2010,16.1,2.0,75.0,62.2,38.0,6.0,71.0,156.3,8.0,106.0,29.0,4.8,17.7,1.49,13.25,2010,3
253,3.0,Andre Roberts,22.0,2010,9.2,1.0,50.0,55.9,74.0,24.0,299.0,75.6,48.0,307.0,136.0,5.7,12.8,1.03,6.395833333333333,2010,0
254,3.0,Taylor Price,22.0,2010,6.3,0.0,75.0,71.7,18.0,3.0,13.0,107.3,4.0,41.0,21.0,7.0,13.7,3.15,10.25,2010,0
255,4.0,Mardy Gilyard,23.0,2010,10.8,0.0,40.0,59.5,21.0,6.0,105.0,25.1,15.0,63.0,14.0,2.3,10.5,0.6,4.2,2010,0
256,4.0,Mike Williams,23.0,2010,14.3,11.0,52.5,74.7,58.0,64.0,549.0,98.2,122.0,955.0,336.0,5.3,14.9,1.74,7.827868852459017,2017,2
257,4.0,Mike Williams,23.0,2010,14.3,11.0,52.5,74.7,58.0,64.0,549.0,98.2,122.0,955.0,336.0,5.3,14.9,1.74,7.827868852459017,2010,0
258,4.0,Mike Williams,23.0,2010,11.1,5.0,61.3,79.6,68.0,65.0,366.0,73.3,106.0,751.0,217.0,3.3,11.6,2.05,7.084905660377358,2017,2
259,4.0,Mike Williams,23.0,2010,11.1,5.0,61.3,79.6,68.0,65.0,366.0,73.3,106.0,751.0,217.0,3.3,11.6,2.05,7.084905660377358,2010,0
260,4.0,Jacoby Ford,23.0,2010,14.9,0.0,50.0,66.5,52.0,25.0,302.0,71.3,50.0,470.0,123.0,4.9,18.8,1.56,9.4,2010,0
261,5.0,Riley Cooper,22.0,2010,15.1,0.0,50.0,55.7,37.0,7.0,151.0,62.5,14.0,116.0,18.0,2.6,16.6,0.77,8.285714285714286,2010,0
262,6.0,Dezmon Briscoe,21.0,2010,10.3,0.0,100.0,76.4,54.0,6.0,38.0,158.3,6.0,93.0,40.0,6.7,15.5,2.45,15.5,2010,0
263,6.0,Antonio Brown,22.0,2010,6.0,4.0,84.2,85.8,26.0,16.0,57.0,81.4,19.0,167.0,108.0,6.8,10.4,2.93,8.789473684210526,2010,7
264,6.0,David Gettis,23.0,2010,12.2,1.0,56.1,64.4,88.0,37.0,426.0,70.8,66.0,508.0,169.0,4.6,13.7,1.19,7.696969696969697,2010,0
265,6.0,Kyle Williams,22.0,2010,5.0,0.0,100.0,55.6,8.0,1.0,7.0,100.0,1.0,8.0,3.0,3.0,8.0,1.14,8.0,2010,0
266,7.0,Terrence Austin,22.0,2010,12.0,1.0,60.0,73.2,28.0,3.0,37.0,91.3,5.0,47.0,13.0,4.3,15.7,1.27,9.4,2010,0
267,1.0,Darrius Heyward-Bey,22.0,2009,19.3,0.0,23.7,47.6,24.0,9.0,323.0,16.6,38.0,124.0,14.0,1.6,13.8,0.38,3.263157894736842,2009,0
268,1.0,Michael Crabtree,21.0,2009,11.1,9.0,58.5,71.7,50.0,48.0,398.0,75.5,82.0,625.0,202.0,4.2,13.0,1.57,7.621951219512195,2009,2
269,1.0,Jeremy Maclin,21.0,2009,12.1,2.0,64.0,68.8,56.0,55.0,480.0,98.1,86.0,762.0,248.0,4.5,13.9,1.59,8.86046511627907,2009,2
270,1.0,Percy Harvin,21.0,2009,9.7,16.0,69.8,86.5,51.0,60.0,338.0,116.9,86.0,790.0,366.0,6.1,13.2,2.34,9.186046511627907,2009,0
271,1.0,Hakeem Nicks,21.0,2009,10.5,9.0,66.2,75.8,68.0,47.0,344.0,120.0,71.0,790.0,434.0,9.2,16.8,2.3,11.126760563380282,2009,2
272,1.0,Kenny Britt,20.0,2009,13.5,9.0,60.0,76.2,57.0,42.0,377.0,90.2,70.0,701.0,179.0,4.3,16.7,1.86,10.014285714285714,2009,1
273,2.0,Brian Robiskie,21.0,2009,16.6,1.0,43.8,56.3,43.0,7.0,141.0,26.6,16.0,106.0,47.0,6.7,15.1,0.75,6.625,2009,0
274,2.0,Mohamed Massaquoi,22.0,2009,17.9,3.0,39.1,66.9,59.0,34.0,394.0,47.3,87.0,624.0,170.0,5.0,18.4,1.58,7.172413793103448,2009,0
275,3.0,Derrick Williams,23.0,2009,12.4,0.0,46.2,51.6,19.0,6.0,98.0,57.2,13.0,52.0,16.0,2.7,8.7,0.53,4.0,2009,0
276,3.0,Mike Wallace,23.0,2009,19.2,2.0,54.9,68.7,60.0,39.0,443.0,102.8,71.0,756.0,137.0,3.5,19.4,1.71,10.647887323943662,2009,3
277,3.0,Ramses Barden,23.0,2009,7.0,0.0,100.0,52.3,16.0,1.0,18.0,118.8,1.0,16.0,9.0,9.0,16.0,0.89,16.0,2009,0
278,3.0,Deon Butler,23.0,2009,14.3,2.0,37.5,56.6,32.0,15.0,207.0,41.1,40.0,175.0,52.0,3.5,11.7,0.85,4.375,2009,0
279,4.0,Mike Thomas,22.0,2009,5.3,5.0,81.4,70.2,28.0,48.0,281.0,97.2,59.0,453.0,226.0,4.7,9.4,1.61,7.677966101694915,2016,0
280,4.0,Mike Thomas,22.0,2009,5.3,5.0,81.4,70.2,28.0,48.0,281.0,97.2,59.0,453.0,226.0,4.7,9.4,1.61,7.677966101694915,2009,0
281,4.0,Brian Hartline,22.0,2009,13.4,1.0,57.4,74.0,67.0,31.0,245.0,76.6,54.0,506.0,185.0,6.0,16.3,2.07,9.37037037037037,2009,2
282,4.0,Austin Collie,23.0,2009,9.4,5.0,70.6,70.4,39.0,60.0,485.0,111.7,85.0,676.0,251.0,4.2,11.3,1.39,7.952941176470588,2009,0
283,5.0,Johnny Knox,22.0,2009,11.4,4.0,60.0,66.7,68.0,45.0,360.0,70.3,75.0,527.0,179.0,4.0,11.7,1.46,7.026666666666666,2009,0
284,5.0,Jarett Dillard,23.0,2009,13.0,0.0,75.0,76.1,33.0,6.0,49.0,116.7,8.0,106.0,20.0,3.3,17.7,2.16,13.25,2009,0
285,6.0,Quinten Lawrence,24.0,2009,11.0,0.0,50.0,66.8,9.0,1.0,14.0,62.5,2.0,9.0,4.0,4.0,9.0,0.64,4.5,2009,0
286,6.0,Brandon Gibson,22.0,2009,11.3,5.0,53.1,63.4,23.0,34.0,301.0,61.5,64.0,353.0,100.0,2.9,10.4,1.17,5.515625,2009,0
287,7.0,Julian Edelman,23.0,2009,3.7,10.0,74.0,68.8,29.0,37.0,221.0,100.3,50.0,359.0,272.0,7.4,9.7,1.62,7.18,2009,3
288,7.0,Sammie Stroughter,23.0,2009,8.1,4.0,53.4,68.4,35.0,31.0,247.0,35.7,58.0,319.0,135.0,4.4,10.3,1.29,5.5,2009,0
289,7.0,Marko Mitchell,24.0,2009,12.1,0.0,57.1,58.0,11.0,4.0,35.0,68.8,7.0,32.0,13.0,3.3,8.0,0.91,4.571428571428571,2009,0
290,2.0,Donnie Avery,24.0,2008,13.9,3.0,53.5,72.4,69.0,53.0,403.0,51.5,99.0,674.0,268.0,5.1,12.7,1.67,6.808080808080808,2008,0
291,2.0,Devin Thomas,21.0,2008,7.0,2.0,62.5,54.0,18.0,15.0,188.0,75.0,24.0,120.0,40.0,2.7,8.0,0.64,5.0,2008,0
292,2.0,Jordy Nelson,23.0,2008,11.6,4.0,62.3,63.3,29.0,33.0,333.0,79.6,53.0,366.0,94.0,2.8,11.1,1.1,6.90566037735849,2008,4
293,2.0,James Hardy,22.0,2008,13.4,0.0,39.1,51.5,17.0,9.0,186.0,43.2,23.0,87.0,22.0,2.4,9.7,0.47,3.782608695652174,2008,0
294,2.0,Eddie Royal,22.0,2008,10.0,3.0,71.7,73.7,93.0,91.0,561.0,93.9,127.0,980.0,364.0,4.0,10.8,1.75,7.716535433070866,2008,0
295,2.0,Jerome Simpson,22.0,2008,6.3,0.0,33.3,46.4,2.0,1.0,8.0,2.8,3.0,2.0,3.0,3.0,2.0,0.25,0.6666666666666666,2008,0
296,2.0,DeSean Jackson,21.0,2008,12.9,3.0,53.9,67.8,60.0,62.0,504.0,64.2,115.0,915.0,304.0,4.9,14.8,1.82,7.956521739130435,2008,5
297,2.0,Malcolm Kelly,21.0,2008,15.1,0.0,33.3,48.1,7.0,3.0,60.0,42.4,9.0,18.0,7.0,2.3,6.0,0.3,2.0,2008,0
298,2.0,Limas Sweed,23.0,2008,11.0,0.0,60.0,55.1,17.0,6.0,66.0,39.2,10.0,64.0,22.0,3.7,10.7,0.97,6.4,2008,0
299,3.0,Early Doucet,22.0,2008,4.1,1.0,82.4,69.4,12.0,14.0,59.0,88.7,17.0,90.0,53.0,3.8,6.4,1.53,5.294117647058823,2008,0
300,3.0,Harry Douglas,23.0,2008,10.8,1.0,59.0,61.1,69.0,23.0,294.0,72.6,39.0,320.0,119.0,5.2,13.9,1.09,8.205128205128204,2008,1
301,3.0,Mario Manningham,22.0,2008,0.0,1.0,80.0,58.1,11.0,4.0,20.0,88.3,5.0,26.0,22.0,5.5,6.5,1.3,5.2,2008,0
302,3.0,Andre Caldwell,23.0,2008,5.5,1.0,73.3,67.2,15.0,11.0,86.0,57.1,15.0,78.0,48.0,4.4,7.1,0.91,5.2,2008,0
303,4.0,Will Franklin,22.0,2008,11.1,3.0,41.2,46.6,42.0,7.0,214.0,32.2,17.0,83.0,33.0,4.7,11.9,0.39,4.882352941176471,2008,0
304,4.0,Lavelle Hawkins,22.0,2008,6.0,1.0,77.8,64.8,19.0,7.0,84.0,98.1,9.0,68.0,20.0,2.9,9.7,0.81,7.555555555555555,2008,0
305,4.0,Keenan Burton,23.0,2008,12.8,0.0,46.4,52.2,30.0,13.0,190.0,63.4,28.0,172.0,64.0,4.9,13.2,0.91,6.142857142857143,2008,0
306,6.0,Josh Morgan,23.0,2008,13.0,1.0,51.3,61.8,48.0,20.0,241.0,83.2,39.0,319.0,102.0,5.1,16.0,1.32,8.179487179487179,2008,0
307,6.0,Pierre Garcon,22.0,2008,3.0,0.0,100.0,60.1,12.0,4.0,36.0,90.6,4.0,23.0,11.0,2.8,5.8,0.64,5.75,2008,2
308,7.0,Chaz Schilens,22.0,2008,15.1,1.0,50.0,60.0,60.0,15.0,217.0,83.5,30.0,226.0,53.0,3.5,15.1,1.04,7.533333333333333,2008,0
309,1.0,Ted Ginn Jr.,22.0,2007,11.4,1.0,52.3,63.6,54.0,34.0,383.0,63.6,65.0,420.0,178.0,5.2,12.4,1.1,6.461538461538462,2007,0
310,1.0,Dwayne Bowe,22.0,2007,12.8,12.0,59.3,81.7,58.0,70.0,556.0,86.7,118.0,995.0,361.0,5.2,14.2,1.79,8.432203389830509,2007,3
311,1.0,Craig Davis,21.0,2007,9.2,2.0,66.7,63.7,18.0,20.0,219.0,67.1,30.0,188.0,78.0,3.9,9.4,0.86,6.266666666666667,2007,0
312,1.0,Anthony Gonzalez,22.0,2007,11.9,4.0,72.5,78.3,57.0,37.0,260.0,129.2,51.0,576.0,177.0,4.8,15.6,2.22,11.294117647058824,2007,0
313,2.0,Sidney Rice,21.0,2007,14.2,1.0,63.3,82.5,60.0,31.0,220.0,107.2,49.0,396.0,83.0,2.7,12.8,1.8,8.081632653061224,2007,1
314,2.0,Dwayne Jarrett,20.0,2007,14.4,0.0,46.2,53.7,22.0,6.0,78.0,31.9,13.0,73.0,1.0,0.2,12.2,0.94,5.615384615384615,2007,0
315,2.0,Steve Smith,22.0,2007,10.4,16.0,62.6,80.1,74.0,87.0,479.0,86.1,139.0,1002.0,475.0,5.5,11.5,2.09,7.2086330935251794,2007,0
316,2.0,Steve Smith,22.0,2007,13.1,1.0,57.1,57.5,12.0,8.0,73.0,68.5,14.0,63.0,19.0,2.4,7.9,0.86,4.5,2007,0
317,3.0,Jacoby Jones,23.0,2007,7.3,1.0,65.2,61.7,26.0,15.0,121.0,65.3,23.0,149.0,50.0,3.3,9.9,1.23,6.478260869565218,2007,0
318,3.0,Yamon Figurs,24.0,2007,38.3,0.0,33.3,73.9,36.0,1.0,11.0,79.9,3.0,36.0,2.0,2.0,36.0,3.27,12.0,2007,0
319,3.0,Laurent Robinson,22.0,2007,12.7,1.0,53.6,57.7,74.0,37.0,358.0,59.9,69.0,437.0,132.0,3.6,11.8,1.22,6.333333333333333,2007,0
320,3.0,Jason Hill,22.0,2007,4.5,0.0,50.0,47.5,6.0,1.0,24.0,56.3,2.0,6.0,0.0,0.0,6.0,0.25,3.0,2007,0
321,3.0,James Jones,23.0,2007,10.9,3.0,61.0,63.9,79.0,47.0,494.0,87.4,77.0,676.0,217.0,4.6,14.4,1.37,8.779220779220779,2007,0
322,3.0,Johnnie Lee Higgins,23.0,2007,10.7,0.0,85.7,50.9,16.0,6.0,86.0,94.6,7.0,47.0,6.0,1.0,7.8,0.55,6.714285714285714,2007,0
323,4.0,Ryne Robinson,22.0,2007,6.5,0.0,50.0,56.2,12.0,4.0,50.0,62.0,8.0,35.0,17.0,4.3,8.8,0.7,4.375,2007,0
324,4.0,Chris Davis,23.0,2007,3.8,0.0,55.6,48.8,13.0,5.0,44.0,66.0,9.0,38.0,24.0,4.8,7.6,0.86,4.222222222222222,2007,0
325,4.0,Chris Davis,23.0,2007,-4.0,0.0,100.0,60.0,3.0,1.0,6.0,79.2,1.0,3.0,7.0,7.0,3.0,0.5,3.0,2007,0
326,5.0,Steve Breaston,24.0,2007,11.9,1.0,57.1,61.2,22.0,8.0,58.0,37.5,14.0,92.0,37.0,4.6,11.5,1.59,6.571428571428571,2007,1
327,5.0,Aundrae Allison,21.0,2007,14.5,2.0,44.4,57.2,35.0,8.0,100.0,67.4,18.0,122.0,51.0,6.4,15.3,1.22,6.777777777777778,2007,0
328,5.0,Legedu Naanee,23.0,2007,6.7,1.0,66.7,63.0,22.0,8.0,73.0,46.9,12.0,69.0,46.0,5.8,8.6,0.95,5.75,2007,0
329,6.0,Courtney Taylor,23.0,2007,8.5,1.0,83.3,61.9,12.0,5.0,41.0,93.1,6.0,38.0,16.0,3.2,7.6,0.93,6.333333333333333,2007,0
330,7.0,John Broussard,23.0,2007,33.3,0.0,40.0,69.9,56.0,4.0,54.0,81.3,10.0,126.0,6.0,1.5,31.5,2.33,12.6,2007,0
331,1.0,Santonio Holmes,22.0,2006,12.5,4.0,59.0,80.1,67.0,49.0,382.0,70.6,83.0,824.0,337.0,6.9,16.8,2.16,9.927710843373495,2006,1
332,2.0,Chad Jackson,21.0,2006,12.1,1.0,68.4,59.5,35.0,13.0,117.0,132.0,19.0,152.0,55.0,4.2,11.7,1.3,8.0,2006,0
333,2.0,Sinorice Moss,22.0,2006,10.4,1.0,50.0,53.8,10.0,5.0,25.0,56.3,10.0,25.0,24.0,4.8,5.0,1.0,2.5,2006,0
334,2.0,Greg Jennings,22.0,2006,14.1,11.0,43.7,62.9,75.0,45.0,495.0,57.6,103.0,632.0,267.0,5.9,14.0,1.28,6.135922330097087,2006,4
335,3.0,Travis Wilson,22.0,2006,16.7,1.0,33.3,56.7,16.0,2.0,72.0,12.5,6.0,32.0,5.0,2.5,16.0,0.44,5.333333333333333,2006,0
336,3.0,Derek Hagan,21.0,2006,10.9,2.0,58.3,56.5,24.0,21.0,212.0,85.5,36.0,221.0,51.0,2.4,10.5,1.04,6.138888888888889,2006,0
337,3.0,Maurice Stovall,21.0,2006,9.4,1.0,58.3,64.5,27.0,7.0,90.0,51.4,12.0,102.0,28.0,4.0,14.6,1.13,8.5,2006,0
338,4.0,Michael Robinson,23.0,2006,0.0,2.0,75.0,52.1,12.0,9.0,51.0,80.9,12.0,47.0,52.0,5.8,5.2,0.92,3.9166666666666665,2006,0
339,4.0,Jason Avant,23.0,2006,10.8,2.0,58.3,56.7,18.0,7.0,100.0,102.1,12.0,68.0,35.0,5.0,9.7,0.68,5.666666666666667,2006,0
340,4.0,Demetrius Williams,23.0,2006,14.5,3.0,56.4,68.6,77.0,22.0,230.0,87.1,39.0,396.0,125.0,5.7,18.0,1.72,10.153846153846153,2006,0
341,4.0,Brandon Marshall,22.0,2006,14.6,8.0,57.1,74.0,71.0,20.0,155.0,93.6,35.0,309.0,103.0,5.2,15.5,1.99,8.82857142857143,2006,8
342,6.0,Delanie Walker,22.0,2006,3.0,1.0,50.0,62.6,29.0,2.0,19.0,75.0,4.0,30.0,31.0,15.5,15.0,1.58,7.5,2006,1
343,6.0,Jeff Webb,24.0,2006,8.0,0.0,75.0,61.4,11.0,3.0,19.0,88.5,4.0,23.0,1.0,0.3,7.7,1.21,5.75,2006,0
344,7.0,David Anderson,23.0,2006,6.0,3.0,100.0,78.4,27.0,1.0,6.0,118.8,1.0,27.0,21.0,21.0,27.0,4.5,27.0,2006,0
345,7.0,Marques Colston,23.0,2006,10.9,5.0,64.2,81.5,86.0,70.0,447.0,108.3,109.0,1038.0,354.0,5.1,14.8,2.32,9.522935779816514,2006,7
